Product Name,Article Number,Part Number
conga-QEVAL/Qseven 2.0 x86 B.5,007003-B.51,007003-B.51
conga-QEVAL/Qseven 2.0 ARM B.5,007005-B.51,007005-B.51
conga-SEVAL A.0,20070-000430-A.0,007010-A.01
conga-SEVAL/xxx C.0,007010-C.00,007010-C.00
conga-SEVAL C.0,007010-C.01,007010-C.01
conga-SEVC/DP1 as HDMI X.0,007011-X.01,007011-X.01
conga-SEVC/DP1 as Displayport X.0,007012-X.01,007012-X.01
conga-LDVI/EPI B.0,20070-A00331-B.0,011115-B.02
conga-COM Express Type6 eDP Evaladapter X.0,011116-X.02,011116-X.02
conga-PCB1 B.0,20070-000578-B.0,011122-B.01
conga-ELXeco/256-TTL A.2,20070-A00267-A.2,012247-A.21
conga-ELXeco/xxx-TTL B.0,20070-000002-B.0,012247-B.00
conga-ELXeco/256-TTL B.0,20070-A00267-B.0,012247-B.01
conga-BM45/P8400 B.3,20070-A00125-B.3,013140-B.31
013142 conga-BM45/TSS P8400/T3100 X.0,20365-A00055-A.0,013142-X.01
conga-BM45/P8400 MED1 B.7,20070-A01069-B.7,013152-B.71
013161 conga-BM45/P8400 CSA-B A.0,20365-000093-A.0,013161-A.01
013163 conga-BM45/P8400 CSA-B S-104 A.1 (Bulk-Package screw bag),20365-A00193-A.1,013163-A.11
conga-QA6/xxx com. F.0,20070-A00433-F.0,015030-F.00
conga-QA6/E640-1G F.0,20070-A00443-F.0,015031-F.01
conga-QA6/xxx ind. F.0,20070-A00470-F.0,015035-F.00
conga-QA6/E660T-1G F.0,20070-A00456-F.0,015035-F.01
conga-QA6/E640T-1G F.0,20070-A00448-F.0,015036-F.01
conga-QA6/E680T-1G F.0,20070-A00462-F.0,015038-F.01
conga-QA6/E640T-1G SSD2 F.0,20070-A00450-F.0,015039-F.01
conga-QA6/E680T-2G E.2,20070-A00468-E.2,015041-E.21
conga-QA6/E680T-2G F.0,20070-A00467-F.0,015041-F.01
conga-QA6/E680-2G F.0,20070-A00460-F.0,015042-F.01
conga-QA6/E680-1G SSD8-MLC F.0,20070-A00949-F.0,015046-F.01
conga-QA6/E640-1G SSD4-MLC F.0,20070-A00445-F.0,015047-F.01
015062 conga-QA6/CSP-B X.1,20365-A00120-A.0,015062-X.11
conga-QA6/CSP-B X.1,015062-X.13,015062-X.13
conga-QA6/CSP-B 6mm X.1,20365-A00119-A.0,015063-X.11
conga-QA30/xxx D.0 *commercial*,20070-A00397-D.0,015100-D.00
conga-QA3/E3845-2G eMMC4 D.0,015100-D.01,015100-D.01
conga-QA3/E3827-2G eMMC4 B.0,20070-A00957-B.0,015101-B.01
conga-QA3/E3827-2G eMMC4 D.0,015101-D.01,015101-D.01
conga-QA3/E3826-2G eMMC4 B.0,20070-A00405-B.0,015102-B.01
conga-QA3/E3826-2G eMMC4 D.0,20070-A00405-D.0,015102-D.01
conga-QA3/E3825-2G eMMC4 B.0,20070-A00958-B.0,015103-B.01
conga-QA3/E3825-2G eMMC4 D.0,015103-D.01,015103-D.01
conga-QA3/E3815-2G eMMC4 D.0,20070-A00402-D.0,015104-D.01
conga-QA3/E3845-4G eMMC8 B.0,20070-A00960-B.0,015105-B.01
conga-QA3/E3845-4G eMMC8 D.0,20070-A00960-D.0,015105-D.01
conga-QA3/E3815-1G D.0,20070-A00976-D.0,015106-D.01
conga-QA3/E3845-4G D.0,015107-D.01,015107-D.01
conga-QA3/E3827-4G D.0,015108-D.01,015108-D.01
conga-QA3/E3845-2G D.0,015109-D.01,015109-D.01
conga-QA3/J1900-2G D.0,20070-A00955-D.0,015111-D.01
conga-QA3/N2930-2G D.0,20070-A00977-D.0,015112-D.01
conga-QA3/N2807-2G A.6,20070-A00430-A.6,015113-A.61
conga-QA3/N2807-2G D.0,20070-A00430-D.0,015113-D.01
conga-QA30/xxx D.0 *industrial*,20070-A00396-D.0,015120-D.00
conga-QA3/i-E3845-2G eMMC4 D.0,20070-A00959-D.0,015120-D.01
conga-QA3/i-E3827-2G eMMC4 C.1,20070-A00961-C.1,015121-C.11
conga-QA3/i-E3827-2G eMMC4 D.0,015121-D.01,015121-D.01
conga-QA3/i-E3825-2G eMMC4 A.6,20070-A00419-A.6,015123-A.61
conga-QA3/i-E3825-2G eMMC4 D.0,20070-A00962-D.0,015123-D.01
conga-QA3/i-E3815-2G eMMC4 B.0,20070-A00963-B.0,015124-B.01
conga-QA3/i-E3815-2G eMMC4 C.1,20070-A00963-C.1,015124-C.11
conga-QA3/i-E3815-2G eMMC4 D.0,20070-A00963-D.0,015124-D.01
conga-QA3/i-E3845-4G eMMC8 B.0,20070-A00978-B.0,015125-B.01
conga-QA3/i-E3845-4G eMMC8 D.0,20070-A00978-D.0,015125-D.01
conga-QA3/i-E3805-2G eMMC4 B.0,20070-A00417-B.0,015126-B.01
conga-QA3/i-E3805-2G eMMC4 D.0,20070-A00417-D.0,015126-D.01
conga-QA3/E3805-2G eMMC4 D.0,20070-A01001-D.0,015130-D.01
conga-QA3/E3845-8G eMMC16 D.0,20070-A01023-D.0,015131-D.01
conga-QAF/T40R-2G A.1,20070-A00480-A.1,015300-A.11
conga-QAF/T40E-2G A.1,20070-A00475-A.1,015301-A.11
conga-QAF/T40E-2G SSD4 A.1,20070-A00477-A.1,015303-A.11
conga-QAF/T40E-4G A.1,20070-A00479-A.1,015306-A.11
015332 conga-QAF/CSP-B 6mm X.1,20365-A00151-A.0,015332-X.11
conga-QAF/CSP-B 6mm X.1,015332-X.13,015332-X.13
conga-QA5/E3950-8G eMMC32 A.1,20070-000202-A.1,015500-A.11
conga-QA5/xxx B.0 *commercial*,20070-000167-B.0,015500-B.00
conga-QA5/E3950-8G eMMC32 B.0,20070-000202-B.0,015500-B.01
conga-QA5/E3950-8G eMMC32 B.1,015500-B.11,015500-B.11
conga-QA5/E3950-8G eMMC32 B.2,015500-B.21,015500-B.21
conga-QA5/E3940-4G eMMC16 B.0,20070-000203-B.0,015501-B.01
conga-QA5/E3940-4G eMMC16 B.1,015501-B.11,015501-B.11
conga-QA5/E3940-4G eMMC16 B.2,015501-B.21,015501-B.21
conga-QA5/E3930-2G eMMC8 B.0,20070-000204-B.0,015502-B.01
conga-QA5/E3930-2G eMMC8 B.1,015502-B.11,015502-B.11
conga-QA5/E3930-2G eMMC8 B.2,015502-B.21,015502-B.21
conga-QA5/E3950-4G eMMC16 A.1,20070-000418-A.1,015503-A.11
conga-QA5/E3950-4G eMMC16 B.0,20070-000418-B.0,015503-B.01
conga-QA5/E3950-4G eMMC16 B.1,015503-B.11,015503-B.11
conga-QA5/E3950-4G eMMC16 B.2,015503-B.21,015503-B.21
conga-QA5/i-E3950-8G eMMC32 A.1,20070-000419-A.1,015510-A.11
conga-QA5/xxx B.0 *industrial*,20070-000483-B.0,015510-B.00
conga-QA5/i-E3950-8G eMMC32 B.0,20070-000419-B.0,015510-B.01
conga-QA5/i-E3950-8G eMMC32 B.1,015510-B.11,015510-B.11
conga-QA5/i-E3950-8G eMMC32 B.2,015510-B.21,015510-B.21
conga-QA5/i-E3940-4G eMMC16 A.1,20070-000205-A.1,015511-A.11
conga-QA5/i-E3940-4G eMMC16 B.0,20070-000205-B.0,015511-B.01
conga-QA5/i-E3940-4G eMMC16 B.1,015511-B.11,015511-B.11
conga-QA5/i-E3940-4G eMMC16 B.2,015511-B.21,015511-B.21
conga-QA5/i-E3930-2G eMMC8 A.1,20070-000206-A.1,015512-A.11
conga-QA5/i-E3930-2G eMMC8 B.0,20070-000206-B.0,015512-B.01
conga-QA5/i-E3930-2G eMMC8 B.1,015512-B.11,015512-B.11
conga-QA5/i-E3930-2G eMMC8 B.2,015512-B.21,015512-B.21
conga-QA5/i-E3950-8G eMMC32 eDP B.0,20070-000542-B.0,015513-B.01
conga-QA5/i-E3950-8G eMMC32 eDP B.1,015513-B.11,015513-B.11
conga-QA5/i-E3950-8G eMMC32 eDP B.2,015513-B.21,015513-B.21
conga-QA5/N3350-4G eMMC16 A.0,20070-000207-A.0,015522-A.01
conga-QA5/N3350-4G eMMC16 B.0,20070-000207-B.0,015522-B.01
conga-QA5/N3350E-4G eMMC16 B.2,015522-B.21,015522-B.21
conga-QA5/N4200-8G eMMC32 A.0,20070-000208-A.0,015523-A.01
conga-QA5/N4200-8G eMMC32 B.0,20070-000208-B.0,015523-B.01
conga-QA5/N4200E-8G eMMC32 B.2,015523-B.21,015523-B.21
conga-QA5/J3455-4G eMMC16 B.0,015524-B.01,015524-B.01
conga-QA5/J3455-4G eMMC16 B.1,015524-B.11,015524-B.11
conga-QA5/J3455-4G eMMC16 B.2,015524-B.21,015524-B.21
conga-QG/210HA-2GECC A.2,20070-A00493-A.2,015600-A.21
conga-QG/210JA-2GECC A.2,015601-A.21,015601-A.21
conga-QG/210HA-2GECC-SSD4 A.2,20070-A00494-A.2,015602-A.21
conga-QMX6/xxx com. B.4,20070-A01067-B.4,016100-B.40
conga-QMX6/SC-1G eMMC4 B.4,20070-A01073-B.4,016100-B.41
conga-QMX6/SC-1G eMMC4 B.5,016100-B.51,016100-B.51
conga-QMX6/DCL-1G eMMC4 B.4,20070-A01074-B.4,016101-B.41
conga-QMX6/DCL-1G eMMC4 B.5,016101-B.51,016101-B.51
conga-QMX6/DC-1G eMMC4 B.4,20070-A01075-B.4,016102-B.41
conga-QMX6/DC-1G eMMC4 B.5,016102-B.51,016102-B.51
conga-QMX6/QC-1G eMMC4 B.4,20070-A01076-B.4,016103-B.41
conga-QMX6/QC-1G eMMC4 B.5,016103-B.51,016103-B.51
conga-QMX6/QC-2G eMMC4 B.4,20070-A01077-B.4,016104-B.41
conga-QMX6/QC-1G eMMC8 B.3,016106-B.31,016106-B.31
conga-QMX6/QC-1G eMMC8 B.3,20070-A01078-B.3,016106-B.32
conga-QMX6/xxx ind. B.4,20070-000289-B.4,016110-B.40
conga-QMX6/iSC-1G eMMC4 B.4,20070-A01081-B.4,016110-B.41
conga-QMX6/iDCL-1G eMMC4 B.4,20070-A01080-B.4,016111-B.41
conga-QMX6/iDCL-1G eMMC4 B.5,016111-B.51,016111-B.51
conga-QMX6/iDC-1G eMMC4 B.4,20070-A01101-B.4,016112-B.41
conga-QMX6/iDC-1G eMMC4 B.5,016112-B.51,016112-B.51
conga-QMX6/iQC-1G eMMC4 B.4,20070-A01190-B.4,016113-B.41
conga-QMX6/iQC-1G eMMC4 B.5,016113-B.51,016113-B.51
conga-ACAM/JAL-2721 A.0,016153-A.02,016153-A.02
conga-ACAM/JAL-2721 36 pin B.0,016153-B.02,016153-B.02
conga-ACAM/JAL-2721 22 pin B.0,016156-B.02,016156-B.02
conga-ACC/I2S WM8904 A.0,016157-A.01,016157-A.01
conga-UMX6/DCL-1G eMMC4 X.3,20070-A00802-X.3,016201-X.31
conga-QMX6/xxx com. C.3,20070-000006-C.3,016300-C.30
conga-QMX6/SC-1G eMMC4 C.3,016300-C.31,016300-C.31
conga-QMX6/SC-1G eMMC4 C.4,016300-C.41,016300-C.41
conga-QMX6/DCL-1G eMMC4 C.3,20070-A01084-C.3,016301-C.31
conga-QMX6/DCL-1G eMMC4 C.4,016301-C.41,016301-C.41
conga-QMX6/DC-1G eMMC4 C.3,20070-A01086-C.3,016302-C.31
conga-QMX6/DC-1G eMMC4 C.4,016302-C.41,016302-C.41
conga-QMX6/QC-1G eMMC4 C.3,20070-A01088-C.3,016303-C.31
conga-QMX6/QC-1G eMMC4 C.4,016303-C.41,016303-C.41
conga-QMX6/QC-2G eMMC4 C.3,20070-A01090-C.3,016304-C.31
conga-QMX6/QC-2G eMMC4 C.4,016304-C.41,016304-C.41
conga-QMX6/QC-2G eMMC8 C.3,20070-A00561-C.3,016305-C.31
conga-QMX6/QC-2G eMMC8 C.4,016305-C.41,016305-C.41
conga-QMX6/QC-1G eMMC8 C.4,016306-C.41,016306-C.41
conga-QMX6/xxx ind. C.3,20070-000288-C.3,016310-C.30
conga-QMX6/iSC-1G eMMC4 C.4,016310-C.41,016310-C.41
conga-QMX6/iDCL-1G eMMC4 C.3,20070-A01096-C.3,016311-C.31
conga-QMX6/iDC-1G eMMC4 C.3,20070-A01103-C.3,016312-C.31
conga-QMX6/iDC-1G eMMC4 C.4,016312-C.41,016312-C.41
conga-QMX6/iQC-1G eMMC4 C.3,20070-A01094-C.3,016313-C.31
conga-QMX6/iQC-1G eMMC4 C.4,016313-C.41,016313-C.41
conga-QMX6/iQC-4G eMMC4 C.3,20070-000177-C.3,016318-C.31
conga-QMX6/iQC-4G eMMC4 C.4,016318-C.41,016318-C.41
conga-QMX8/a-QCM-6GB eMMC16 <Alpha Sample> Y.2,016490-Y.21,016490-Y.21
conga-QMX8/a-QCM-6GB eMMC16 <Alpha Sample> Y.3,016490-Y.31,016490-Y.31
conga-QMX8/xxx Y.0,016491-Y.00,016491-Y.00
conga-QMX8/QCM-4GB eMMC16 <DEV-sample> Y.3,016491-Y.31,016491-Y.31
conga-QMX8/QCM-2GB eMMC16 <DEV-sample> Y.3,016492-Y.31,016492-Y.31
conga-QMX8-X/QXP-4G eMMC16 Y.0,016500-Y.01,016500-Y.01
conga-QMX8-X/QXP-2G eMMC16 Y.0,016503-Y.01,016503-Y.01
conga-QMX8-X/QXP-4G eMMC16/HDMI Y.0,016504-Y.01,016504-Y.01
conga-QMX8-X/i-QXP-4G eMMC16 Y.0,016510-Y.01,016510-Y.01
conga-QMX8-X/i-QXP-2G eMMC16 Y.0,016513-Y.01,016513-Y.01
conga-QMX8-X/PTT-QuadXP-3G-LPDDR4 eMMC16 prototype X.0,20070-000595-X.0,016591-X.01
conga-QMX8X/xxx X.1,016591-X.10,016591-X.10
conga-QMX8-X/PTT-QuadXP-3G-LPDDR4 eMMC16 prototype X.1,016591-X.11,016591-X.11
"conga-QMX8-X/PTT-QuadXP-3G-LPDDR4 eMMC16, HDMI, GbEth1588, prototype X.0",20070-000596-X.0,016592-X.01
conga-QMX8-X/PTT-QuadXP-2G-LPDDR4 eMMC16 prototype X.0,016593-X.01,016593-X.01
conga-QMX8-X/PTT-QuadXP-4G-LPDDR4 eMMC16 prototype X.0,016594-X.01,016594-X.01
conga-XPT1 ETX X.1,20070-A00908-X.1,017301-X.01
conga-XPT1 ETX X.1,017301-X.11,017301-X.11
conga-QA3E/E3845-4G eMMC8 X.1,018105-X.11,018105-X.11
conga-Interface Adapter BIM2 A.1,20070-A00115-A.1,019441-A.10
conga-Interface Adapter BIM2 A.1,20070-A00938-A.0,019441-A.12
conga-XEVAL A.2,20070-A00906-A.2,019482-A.21
conga-BIM1 Carrier Board D.3,20070-A00114-D.3,019876-D.32
conga-BIM1 Carrier Board F.0,019876-F.02,019876-F.02
conga-BIM1 Carrier Board G.0,019876-G.02,019876-G.02
conga-BIM aABI A.3,20070-A00113-A.3,019900-A.31
conga-BIM aABI C.0,019900-C.01,019900-C.01
conga-BIM aABI D.0,019900-D.01,019900-D.01
conga-MCB/Qseven ARM B.1,20070-A00370-B.1,020734-B.11
conga-MCB/Qseven ARM C.1,20070-A00370-C.1,020735-C.11
conga-MCB/Qseven ARM C.3,020735-C.31,020735-C.31
conga-MCB/SMARC-ARM Preliminary BOM X.0,020750-X.00,020750-X.00
conga-SMC1/SMARC-ARM X.0,020750-X.01,020750-X.01
conga-SMC1/SMARC-x86 X.0,020751-X.01,020751-X.01
conga-ELX/800-LVDS C.3,20070-A00256-C.3,024477-C.31
conga-SBM3/4-cell A.2,20070-A00568-A.2,025483-A.22
"LADM, LVDS Adapter - congatec to LVDS panel adapter B.0",025489-B.02,025489-B.02
conga-ELX/800-LVDS bSIE1 C.4,025577-C.42,025577-C.42
conga-BS57/xxx A.2,20070-A00184-A.2,040100-A.20
conga-BS57/i7-620LE A.2,20070-A00186-A.2,040100-A.21
conga-BS57/U3405 A.2,20070-A00189-A.2,040107-A.21
conga-BAF/T56N A.1,20070-A00105-A.1,041001-A.11
conga-BAF/T40N A.1,20070-A00100-A.1,041003-A.11
conga-BAF1/xxx A.1,20070-A00098-A.1,041005-A.10
conga-BAF/T40R A.1,20070-A00102-A.1,041006-A.11
041025 conga-BAF/CSP-B A.3,20365-A00078-A.0,041025-A.31
conga-BAF/CSP-B A.3,041025-A.33,041025-A.33
041026 conga-BAF/CSP-T A.3,20365-A00080-A.0,041026-A.31
conga-BAF/CSP-T A.3,041026-A.33,041026-A.33
041027 conga-BAF/CSA-B A.3,20365-A00368-A.3,041027-A.31
conga-BAF/CSA-B A.3,041027-A.33,041027-A.33
conga-XAF/T56N B.2,20070-A00903-B.2,041031-B.21
conga-XAF/T52R B.2,20070-000433-B.2,041034-B.21
conga-XAF/T40R B.2,20070-A00902-B.2,041036-B.21
conga-XAF/T40E B.2,20070-A00900-B.2,041037-B.21
conga-XAF/HSP-B A.0,20365-000069-A.0,041050-A.02
conga-XAF/HSP-B A.0,041050-A.03,041050-A.03
conga-XAF/HSP-T A.0,20365-000070-A.0,041051-A.02
conga-XAF/HSP-T A.0,041051-A.03,041051-A.03
conga-XAF/CSP-B A.3,041055-A.31,041055-A.31
conga-XAF/CSP-B A.3,041055-A.33,041055-A.33
conga-XAF/CSP-T A.3,041056-A.31,041056-A.31
conga-XAF/CSP-T A.3,041056-A.33,041056-A.33
041057 conga-XAF/CSA-B A.3,20365-A00083-A.0,041057-A.31
conga-XAF/CSA-B A.3,041057-A.33,041057-A.33
041058 conga-XAF/CSA-T A.3,20365-A00084-A.0,041058-A.31
conga-XAF/CSA-T A.3,041058-A.33,041058-A.33
conga-EAF/xxx B.3,20070-A00268-B.3,041071-B.30
conga-EAF/T56N B.3,20070-A00274-B.3,041071-B.31
conga-EAF/T40N B.3,041073-B.31,041073-B.31
conga-EAF/T44R B.3,20070-A00273-B.3,041075-B.31
conga-EAF/T40R B.3,20070-A00271-B.3,041076-B.31
conga-EAF/T40E B.3,20070-A00269-B.3,041077-B.31
conga-EAF/T16R B.3,20070-000010-B.3,041078-B.31
conga-TR3/RX-421BD B.0,20070-A01139-B.0,041300-B.01
conga-TR3/RX-418GD B.0,20070-A01140-B.0,041301-B.01
conga-TR3/i-RX416GD B.0,20070-000183-B.0,041310-B.01
conga-TR4/V1807B C.0,041600-C.01,041600-C.01
conga-TRX4/xxx C.0,041601-C.00,041601-C.00
conga-TR4/V1756B C.0,041601-C.01,041601-C.01
conga-TR4/V1605B C.0,041602-C.01,041602-C.01
conga-TR4/V1202B C.0,041603-C.01,041603-C.01
conga-TR4/i-V1404I C.0,041610-C.01,041610-C.01
conga-TR4/R1606G C.0,041620-C.01,041620-C.01
conga-TR4/R1505G C.0,041621-C.01,041621-C.01
conga-TR4/V1756B-PLX C.0,041690-C.01,041690-C.01
conga-TRX4/xxx C.0,041699-C.00,041699-C.00
conga-TCG/210HA-2GECC A.2,20070-A00643-A.2,042003-A.21
conga-TCG/420CA-4GECC A.2,20070-A01106-A.2,042004-A.21
conga-TCG/i-411GA-2GECC A.2,20070-A00653-A.2,042010-A.21
conga-TCG/i-209HA-2GECC A.2,20070-A00651-A.2,042011-A.21
conga-TCG/xxx B.0,20070-000328-B.0,042020-B.00
conga-TCG/222GC-4GECC B.0,20070-000196-B.0,042023-B.01
042051 conga-TCG/HSP-B X.0,20365-A00197-A.0,042051-X.01
conga-TCG/HSP-B X.0,042051-X.03,042051-X.03
042052 conga-TCG/HSP-T X.0,20365-A00206-A.0,042052-X.01
conga-TCG/HSP-T X.0,042052-X.03,042052-X.03
042053 conga-TCG/CSP-B X.0,20365-A00199-A.0,042053-X.01
conga-TCG/CSP-B X.0,042053-X.03,042053-X.03
042054 conga-TCG/CSP-T X.0,20365-A00208-A.0,042054-X.01
conga-TCG/CSP-T X.0,042054-X.03,042054-X.03
conga-TC97/xxx D.1,20070-A00981-D.1,045103-D.10
conga-TC97/i7-5650U D.1,20070-A00613-D.1,045103-D.11
conga-TC97/i5-5350U D.1,20070-A00611-D.1,045104-D.11
conga-TC97/i3-5010U D.1,20070-A00609-D.1,045105-D.11
conga-TC170/xxx C.1,20070-000025-C.1,045200-C.10
conga-TC170/i7-6600U C.1,20070-000375-C.1,045200-C.11
conga-TC170/i3-6100U C.1,20070-A01123-C.1,045202-C.11
conga-TC170/3955U C.1,20070-A01126-C.1,045203-C.11
conga-TC170/i7-6600U VGA C.1,20070-A01138-C.1,045208-C.11
045230 conga TC170/HSP-B X.0,20365-000036-X.0,045230-X.01
conga TC170/HSP-B X.0,045230-X.03,045230-X.03
045231 conga TC170/HSP-T X.0,20365-000037-X.0,045231-X.01
conga TC170/HSP-T X.0,045231-X.03,045231-X.03
045232 conga-TC170/CSP-B X.0,20365-000034-X.0,045232-X.01
conga-TC170/CSP-B X.0,045232-X.03,045232-X.03
045233 conga-TC170/CSP-T X.0,20365-000035-X.0,045233-X.01
conga-TC170/CSP-T X.0,045233-X.03,045233-X.03
conga-TC175/xxx C.1,045250-C.10,045250-C.10
conga-TC175/i7-7600U C.1,20070-000219-C.1,045250-C.11
conga-TC175/i5-7300U C.1,20070-000220-C.1,045251-C.11
conga-TC175/xxx C.1,20070-000390-C.1,045252-C.10
conga-TC175/i3-7100U C.1,20070-000221-C.1,045252-C.11
conga-TC175/3965U C.1,20070-000222-C.1,045253-C.11
conga-ELX/Deep Drawn HSP-B A.0,20365-000073-A.0,045458-A.02
conga-ELX/Deep Drawn HSP-B A.0,045458-A.03,045458-A.03
conga-TS170/i7-6820EQ B.0,20070-A01149-B.0,045900-B.01
conga-TS170/xxx B.0,20070-A01121-B.0,045901-B.00
conga-TS170/i7-6822EQ B.0,20070-A01150-B.0,045901-B.01
conga-TS170/i5-6440EQ B.0,20070-A01151-B.0,045902-B.01
conga-TS170/i5-6442EQ B.0,20070-A01152-B.0,045903-B.01
conga-TS170/i3-6100E B.0,20070-A01153-B.0,045904-B.01
conga-TS170/i3-6102E B.0,20070-A01154-B.0,045905-B.01
conga-TS170/E3-1505MV5 B.0,20070-A01155-B.0,045906-B.01
conga-TS170/E3-1505LV5 B.0,20070-A01156-B.0,045907-B.01
conga-TS170/i3-6100E ECC B.0,20070-000072-B.0,045908-B.01
conga-TS170/G3900E B.0,20070-000077-B.0,045910-B.01
conga-TS170/G3902E B.0,20070-000079-B.0,045911-B.01
conga-TS175/i7-7820EQ B.0,20070-000228-B.0,045950-B.01
conga-TS175/i5-7440EQ B.0,20070-000229-B.0,045951-B.01
conga-TS175/i5-7442EQ B.0,20070-000230-B.0,045952-B.01
conga-TS175/i3-7102E B.0,20070-000232-B.0,045954-B.01
conga-TS175/E3-1505MV6 B.0,045955-B.01,045955-B.01
conga-TS175/E3-1505LV6 B.0,20070-000234-B.0,045956-B.01
conga-BM57/xxx B.2,20070-A00143-B.2,046001-B.20
conga-BM57/i5-520M B.2,20070-A00144-B.2,046001-B.21
conga-BS67/i7-2655LE A.2,20070-A00197-A.2,046151-A.21
conga-BS67/807UE A.2,20070-A00192-A.2,046156-A.21
conga-TS67/i7-2610UE A.0,20070-A00676-A.0,046402-A.01
conga-TS67/HSP-HP-B,20365-A00258-A.0,046450-A.00
conga-TS77/i7-3612QE A.0,20070-A00706-A.0,046501-A.01
conga-TS77/i7-3555LE A.0,20070-A00704-A.0,046502-A.01
conga-TS77/i7-3517UE A.0,20070-A00702-A.0,046503-A.01
conga-TS77/i5-3610ME A.0,20070-A00698-A.0,046504-A.01
conga-TS77/i3-3120ME A.0,20070-A00691-A.0,046507-A01
conga-TS77/1047UE BRC A.0,20070-A00684-A.0,046510-A.00
conga-TS77/1047UE A.0,20070-A00682-A.0,046510-A.01
conga-BS77/i7-3612QE A.2,20070-A00209-A.2,046601-A.21
conga-BS77/i7-3555LE A.2,20070-A00208-A.2,046602-A.21
conga-BS77/i7-3517UE A.2,20070-A00207-A.2,046603-A.21
conga-BS77/i3-3217UE A.2,20070-A00205-A.2,046605-A.21
conga-BS77/i7-3615QE A.2,20070-A00210-A.2,046606-A.21
conga-BS77/i3-3120ME A.2,20070-A00204-A.2,046607-A.21
conga-BS77/1047UE A.2,20070-A00202-A.2,046608-A.21
conga-BS77/927UE A.2,20070-A00203-A.2,046609-A.21
conga-BS77/1020E A.2,20070-A00201-A.2,046610-A.21
conga-TS87/i7-4700EQ B.1,20070-A00718-B.1,046804-B.11
conga-TS87/i5-4400E B.1,20070-A00715-B.1,046806-B.11
conga-TS87/i3-4100E B.1,20070-A00713-B.1,046808-B.11
conga-TS97/i7-5850EQ B.1,20070-A01013-B.1,046830-B.11
conga-TS97/E3-1278LV4 B.1,20070-A01015-B.1,046832-B.11
conga-TC87/xxx C.1,20070-A00582-C.1,046901-C.10
conga-TC87/xxx D.1,20070-000103-D.1,046901-D.10
conga-TC87/i7-4650U D.1,20070-A00602-D.1,046901-D.11
conga-TC87/i5-4300U D.1,20070-000105-D.1,046902-D.11
conga-TC87/i5-4300U VGA D.1,20070-A00598-D.1,046906-D.11
conga-TC87/CSP-B X.0,20365-A00177-A.0,046951-X.01
conga-TC87/CSP-B X.0,046951-X.03,046951-X.03
046952 conga-TC87/CSP-T X.0,20365-A00144-A.0,046952-X.01
conga-TC87/CSP-T X.0,046952-X.03,046952-X.03
046953 conga-TC87/HSP-B X.0,20365-A00179-A.0,046953-X.01
conga-TC87/HSP-B X.0,046953-X.03,046953-X.03
046954 conga-TC87/HSP-T X.0,20365-A00146-A.0,046954-X.01
conga-TC87/HSP-T X.0,046954-X.03,046954-X.03
conga-TCA/N2800 A.3,20070-A00640-A.3,047002-A.31
conga-TCA/HSP-T Rev. X.2,20365-A00154-A.0,047032-X.21
conga-TCA/HSP-T Rev. X.2,047032-X.23,047032-X.23
conga-TCA/HSP-T X.3,047032-X.33,047032-X.33
047034 conga-TCA/CSP-T-HF Rev. X.2,20365-A00172-X.2,047034-X.21
conga-TCA/CSP-T-HF X.2,047034-X.23,047034-X.23
conga-CCA/xxx A.2,20070-A00217-A.2,047101-A.20
conga-CCA/N2600 A.2,20070-A00220-A.2,047101-A.21
conga-CCA/N2800 A.2,20070-A00221-A.2,047102-A.21
conga-CCA/D2550 A.2,20070-A00218-A.2,047103-A.21
conga-TCA3/E3845 A.4,20070-A00966-A.4,047300-A.41
conga-TCA3/xxx A.5 *commercial*,047300-A.50,047300-A.50
conga-TCA3/E3845 A.5,20070-A00966-A.5,047300-A.51
conga-TCA3/E3827 A.4,20070-A00968-A.4,047301-A.41
conga-TCA3/E3827 A.5,20070-A00968-A.5,047301-A.51
conga-TCA3/E3826 A.5,20070-A00618-A.5,047302-A.51
conga-TCA3/E3825 A.5,20070-A00614-A.5,047303-A.51
conga-TCA3/E3815 A.4,20070-A00969-A.4,047304-A.41
conga-TCA3/E3815 A.5,20070-A00969-A.5,047304-A.51
conga-TCA3/J1900 A.4,20070-A00971-A.4,047305-A.41
conga-TCA3/J1900 A.5,20070-A00971-A.5,047305-A.51
conga-TCA3/N2930 A.4,20070-A00983-A.4,047307-A.41
conga-TCA3/N2930 A.5,20070-A00983-A.5,047307-A.51
conga-TCA3/N2807 A.5,20070-A00633-A.5,047308-A.51
conga-TCA3/i-E3845 A.4,20070-A00972-A.4,047310-A.41
conga-TCA3/xxx A.5 *industrial*,047310-A.50,047310-A.50
conga-TCA3/i-E3845 A.5,20070-A00972-A.5,047310-A.51
conga-TCA3/i-E3827 A.4,20070-A00973-A.4,047311-A.41
conga-TCA3/i-E3827 A.5,20070-A00973-A.5,047311-A.51
conga-TCA3/i-E3826 A.4,20070-A00975-A.4,047312-A.41
conga-TCA3/i-E3826 A.5,20070-A00975-A.5,047312-A.51
conga-TCA3/i-E3815 A.5,20070-A01105-A.5,047314-A.51
047350 conga-TCA3/HSP-T X.0,20365-A00226-A.0,047350-X.01
conga-TCA3/HSP-T X.0,047350-X.03,047350-X.03
047351 conga-TCA3/HSP-B Rev. X.0,20365-A00225-A.0,047351-X.01
conga-TCA3/HSP-B X.0,047351-X.03,047351-X.03
conga-TCA3/CSP-T X.0,047352-X.01,047352-X.01
conga-TCA3/CSP-T X.0,047352-X.03,047352-X.03
047353 conga-TCA3/CSP-B Rev. X.0,20365-A00223-A.0,047353-X.01
conga-TCA3/CSP-B X.0,047353-X.03,047353-X.03
conga-MA30/xxx commercial B.2,20070-A00343-B.2,047400-B.00
conga-MA3/E3845-4G eMMC8 B.2,20070-A00351-B.2,047400-B.21
conga-MA3/E3827-2G eMMC4 B.1,20070-A00350-B.1,047401-B.11
conga-MA3/E3827-2G eMMC4 B.2,20070-A00350-B.2,047401-B.21
conga-MA3/E3826-2G eMMC4 B.1,20070-A00348-B.1,047402-B.11
conga-MA3/E3826-2G eMMC4 B.2,20070-A00348-B.2,047402-B.21
conga-MA3/E3815-2G B.1,20070-A00346-B.1,047404-B.11
conga-MA3/E3815-2G B.2,20070-A00346-B.2,047404-B.21
conga-MA3/N2930-2G B.1,20070-A00366-B.1,047406-B.11
conga-MA3/N2930-2G B.2,20070-A00366-B.2,047406-B.21
conga-MA3/N2807-2G B.2,20070-A00364-B.2,047407-B.21
conga-MA3/i-E3845-4G eMMC8 B.1,20070-A00361-B.1,047410-B.11
conga-MA30/xxx industrial B.2,20070-A00344-B.2,047410-B.20
conga-MA3/i-E3845-4G eMMC8 B.2,20070-A00361-B.2,047410-B.21
conga-MA3/i-E3827-2G eMMC4 B.1,20070-A00357-B.1,047411-B.11
conga-MA3/i-E3827-2G eMMC4 B.2,20070-A00357-B.2,047411-B.21
conga-MA3/i-E3845-2G eMMC4 B.1,20070-A00359-B.1,047413-B.11
conga-MA3/i-E3845-2G eMMC4 B.2,20070-A00359-B.2,047413-B.21
conga-MA3/i-E3815-2G B.1,20070-A00354-B.1,047414-B.11
conga-MA3/i-E3815-2G B.2,047414-B.21,047414-B.21
047453 conga-MA3/CSP-B X.1,20365-000068-X.1,047453-X.11
conga-MA3/CSP-B X.1,20365-000068-X.1,047453-X.12
conga-B7XD/X-D1577 C.1,20070-000296-C.1,047500-C.11
conga-B7XD/X-D1567 B.0,20070-000297-B.0,047501-B.01
conga-B7XD/X-D1548 C.1,20070-000298-C.1,047502-C.11
conga-B7XD/X-D1527 C.1,20070-000299-C.1,047503-C.11
conga-B7XD/P-D1508 C.1,047505-C.11,047505-C.11
conga-B7XD/i-X-D1559 C.1,20070-000302-C.1,047520-C.11
conga-B7XD/i-X-D1539 C.1,20070-000303-C.1,047521-C.11
conga-B7XD/i-P-D1519 C.1,20070-000305-C.1,047523-C.11
conga-Debug/COMe Type6 A.0,047860-A.01,047860-A.01
conga-COME/Extension-Adapter Rev 2 X.0,047862-X.02,047862-X.02
conga-MA4/N3710-4G eMMC16 A.0,20070-A01169-A.0,047904-A.01
conga-MA4/N3160-2G eMMC16 A.0,20070-A01170-A.0,047905-A.01
conga-MA4/N3060-2G eMMC16 A.0,20070-A01171-A.0,047906-A.01
conga-MA4/N3010-2G eMMC16 A.0,20070-A01172-A.0,047907-A.01
conga-MA4/E8000-2G eMMC8 A.0,20070-000156-A.0,047908-A.01
conga-MA5/E3950-8G eMMC32 A.1,20070-000309-A.1,048000-A.11
conga-MA5/xxx commercial B.0,20070-000215-B.0,048000-B.00
conga-MA5/E3950-8G eMMC32 B.0,20070-000309-B.0,048000-B.01
conga-MA5/E3950-8G eMMC32 B.1,048000-B.11,048000-B.11
conga-MA5/E3950-8G eMMC32 B.2,048000-B.21,048000-B.21
conga-MA5/E3940-4G eMMC16 B.0,20070-000310-B.0,048001-B.01
conga-MA5/E3940-4G eMMC16 B.1,048001-B.11,048001-B.11
conga-MA5/E3940-4G eMMC16 B.2,048001-B.21,048001-B.21
conga-MA5/E3930-2G eMMC16 A.1,20070-000311-A.1,048002-A.11
conga-MA5/E3930-2G eMMC16 B.0,20070-000311-B.0,048002-B.01
conga-MA5/E3930-2G eMMC16 B.1,048002-B.11,048002-B.11
conga-MA5/E3930-2G eMMC16 B.2,048002-B.21,048002-B.21
conga-MA5/i-E3950-8G eMMC16 A.1,20070-000312-A.1,048010-A.11
conga-MA5/xxx industrial B.0,20070-000214-B.0,048010-B.00
conga-MA5/i-E3950-8G eMMC16 B.0,20070-000312-B.0,048010-B.01
conga-MA5/i-E3950-8G eMMC16 B.1,048010-B.11,048010-B.11
conga-MA5/i-E3950-8G eMMC16 B.2,048010-B.21,048010-B.21
conga-MA5/i-E3940-4G eMMC16 A.1,20070-000313-A.1,048011-A.11
conga-MA5/i-E3940-4G eMMC16 B.0,20070-000313-B.0,048011-B.01
conga-MA5/i-E3940-4G eMMC16 B.1,048011-B.11,048011-B.11
conga-MA5/i-E3940-4G eMMC16 B.2,048011-B.21,048011-B.21
conga-MA5/i-E3930-4G eMMC16 A.1,20070-000314-A.1,048012-A.11
conga-MA5/i-E3930-4G eMMC16 B.0,20070-000314-B.0,048012-B.01
conga-MA5/i-E3930-4G eMMC16 B.1,048012-B.11,048012-B.11
conga-MA5/i-E3930-4G eMMC16 B.2,048012-B.21,048012-B.21
conga-MA5/N4200-8G eMMC32 A.1,20070-000315-A.1,048020-A.11
conga-MA5/N4200-8G eMMC32 B.0,20070-000315-B.0,048020-B.01
conga-MA5/N4200E-8G eMMC32 B.2,048020-B.21,048020-B.21
conga-MA5/N3350-4G eMMC16 A.1,20070-000316-A.1,048022-A.11
conga-MA5/N3350-4G eMMC16 B.0,20070-000316-B.0,048022-B.01
conga-MA5/N3350E-4G eMMC16 B.2,048022-B.21,048022-B.21
conga-PA5/E3950-8G A.2,20070-000320-A.2,048100-A.21
conga-PA5/E3950-8G B.0,20070-000320-B.0,048100-B.01
conga-PA5/E3950-8G B.2,048100-B.21,048100-B.21
conga-PA5/xxx B.3 *commercial*,048100-B.30,048100-B.30
conga-PA5/E3950-8G B.3,048100-B.31,048100-B.31
conga-PA5/E3940-4G B.0,20070-000321-B.0,048101-B.01
conga-PA5/E3940-4G B.1,048101-B.11,048101-B.11
conga-PA5/E3940-4G B.2,048101-B.21,048101-B.21
conga-PA5/E3940-4G B.3,048101-B.31,048101-B.31
conga-PA5/E3930-4G B.0,20070-000322-B.0,048102-B.01
conga-PA5/E3930-4G B.1,048102-B.11,048102-B.11
conga-PA5/E3930-4G B.2,048102-B.21,048102-B.21
conga-PA5/E3930-4G B.3,048102-B.31,048102-B.31
conga-PA5/i-E3950-8G B.0,20070-000323-B.0,048110-B.01
conga-PA5/i-E3950-8G B.1,048110-B.11,048110-B.11
conga-PA5/i-E3950-8G B.2,048110-B.21,048110-B.21
conga-PA5/xxx B.3 *industrial*,048110-B.30,048110-B.30
conga-PA5/i-E3950-8G B.3,048110-B.31,048110-B.31
conga-PA5/i-E3940-4G A.2,20070-000324-A.2,048111-A.21
conga-PA5/i-E3940-4G B.0,20070-000324-B.0,048111-B.01
conga-PA5/i-E3940-4G B.1,048111-B.11,048111-B.11
conga-PA5/i-E3940-4G B.2,048111-B.21,048111-B.21
conga-PA5/i-E3940-4G B.3,048111-B.31,048111-B.31
conga-PA5/i-E3930-4G B.0,20070-000325-B.0,048112-B.01
conga-PA5/i-E3930-4G B.1,048112-B.11,048112-B.11
conga-PA5/i-E3930-4G B.2,048112-B.21,048112-B.21
conga-PA5/i-E3930-4G B.3,048112-B.31,048112-B.31
conga-PA5/N4200-8G A.2,20070-000326-A.2,048120-A.21
conga-PA5/N4200-8G B.1,048120-B.11,048120-B.11
conga-PA5/N4200-8G B.3,048120-B.31,048120-B.31
conga-PA5/N3350-4G B.0,20070-000327-B.0,048121-B.01
conga-PA5/N3350-4G B.1,048121-B.11,048121-B.11
conga-PA5/N3350-4G B.3,048121-B.31,048121-B.31
conga-PA5/J3455-4G B.0,048122-B.01,048122-B.01
conga-PA5/J3455-4G B.1,048122-B.11,048122-B.11
conga-PA5/J3455-4G B.3,048122-B.31,048122-B.31
conga-PA5/N4200-4G B.0,20070-000377-B.0,048123-B.01
conga-PA5/N4200-4G B.3,048123-B.31,048123-B.31
conga-B7AC/A-C3958 A.0,20070-000463-A.0,048200-A.01
conga-B7AC/A-C3958 A.2,048200-A.21,048200-A.21
conga-B7AC commercial xxx B.0,20070-000471-B.0,048200-B.00
conga-B7AC/A-C3958 B.0,20070-000463-B.0,048200-B.01
conga-B7AC/A-C3958 B.2,048200-B.21,048200-B.21
conga-B7AC/A-C3958 B.3,048200-B.31,048200-B.31
conga-B7AC/A-C3858 A.0,20070-000464-A.0,048201-A.01
conga-B7AC/A-C3858 A.2,048201-A.21,048201-A.21
conga-B7AC/A-C3858 B.0,20070-000464-B.0,048201-B.01
conga-B7AC/A-C3858 B.2,048201-B.21,048201-B.21
conga-B7AC/A-C3858 B.3,048201-B.31,048201-B.31
conga-B7AC/A-C3858 B.4,048201-B.41,048201-B.41
conga-B7AC/A-C3758 A.0,20070-000465-A.0,048202-A.01
conga-B7AC/A-C3758 A.2,048202-A.21,048202-A.21
conga-B7AC/A-C3758 B.0,20070-000465-B.0,048202-B.01
conga-B7AC/A-C3758 B.2,048202-B.21,048202-B.21
conga-B7AC/A-C3758 B.3,048202-B.31,048202-B.31
conga-B7AC/A-C3558 A.0,20070-000466-A.0,048203-A.01
conga-B7AC/A-C3558 A.2,048203-A.21,048203-A.21
conga-B7AC/A-C3558 B.0,20070-000466-B.0,048203-B.01
conga-B7AC/A-C3558 B.2,048203-B.21,048203-B.21
conga-B7AC/A-C3558 B.3,048203-B.31,048203-B.31
conga-B7AC/A-C3538 A.0,20070-000467-A.0,048204-A.01
conga-B7AC/A-C3538 A.2,048204-A.21,048204-A.21
conga-B7AC/A-C3538 B.0,20070-000467-B.0,048204-B.01
conga-B7AC/A-C3538 B.2,048204-B.21,048204-B.21
conga-B7AC/A-C3538 B.3,048204-B.31,048204-B.31
conga-B7AC/A-C3538 B.4,048204-B.41,048204-B.41
conga-B7AC/A-C3308 B.0,20070-000599-B.0,048205-B.01
conga-B7AC/A-C3308 B.2,048205-B.21,048205-B.21
conga-B7AC/A-C3308 B.3,048205-B.31,048205-B.31
conga-B7AC/A-C3308 B.4,048205-B.41,048205-B.41
conga-B7AC/i-A-C3808 A.0,20070-000468-A.0,048210-A.01
conga-B7AC/i-A-C3808 A.2,048210-A.21,048210-A.21
conga-B7AC industrial xxx B.0,20070-000472-B.0,048210-B.00
conga-B7AC/i-A-C3808 B.0,20070-000468-B.0,048210-B.01
conga-B7AC/i-A-C3808 B.1,048210-B.11,048210-B.11
conga-B7AC/i-A-C3808 B.2,048210-B.21,048210-B.21
conga-B7AC/i-A-C3808 B.3,048210-B.31,048210-B.31
conga-B7AC/i-A-C3808 B.4,048210-B.41,048210-B.41
conga-B7AC/i-A-C3708 A.0,20070-000469-A.0,048211-A.01
conga-B7AC/i-A-C3708 A.2,048211-A.21,048211-A.21
conga-B7AC/i-A-C3708 B.0,20070-000469-B.0,048211-B.01
conga-B7AC/i-A-C3708 B.1,048211-B.11,048211-B.11
conga-B7AC/i-A-C3708 B.2,048211-B.21,048211-B.21
conga-B7AC/i-A-C3708 B.3,048211-B.31,048211-B.31
conga-B7AC/i-A-C3708 B.4,048211-B.41,048211-B.41
conga-B7AC/i-A-C3508 A.0,20070-000470-A.0,048213-A.01
conga-B7AC/i-A-C3508 A.2,048213-A.21,048213-A.21
conga-B7AC/i-A-C3508 B.0,20070-000470-B.0,048213-B.01
conga-B7AC/i-A-C3508 B.1,048213-B.11,048213-B.11
conga-B7AC/i-A-C3508 B.2,048213-B.21,048213-B.21
conga-B7AC/i-A-C3508 B.3,048213-B.31,048213-B.31
conga-B7AC/i-A-C3508 B.4,048213-B.41,048213-B.41
conga-TA4/xxx B.0,20070-A01119-B.0,048310-B.00
conga-TCA4/N3710 B.0,20070-A01175-B.0,048310-B.01
conga-TCA4/N3060 B.0,20070-A01177-B.0,048312-B.01
conga-TCA4/E8000 B.0,20070-000141-B.0,048314-B.01
conga-MA3E/i-E3845-4G eMMC8 A.1,20070-000113-A.1,048410-A.11
conga-MA3E/i-E3827-2G eMMC4 A.1,20070-000246-A.1,048411-A.11
conga-TCA5/i-E3950 A.2,20070-000240-A.2,048510-A.21
conga-TCA5/i-E3950 A.3,048510-A.31,048510-A.31
conga-TCA5/xxx *industrial* B.0,048510-B.00,048510-B.00
conga-TCA5/i-E3950 B.0,048510-B.01,048510-B.01
conga-TCA5/i-E3950 B.1,048510-B.11,048510-B.11
conga-TCA5/i-E3940 A.2,20070-000241-A.2,048511-A.21
conga-TCA5/i-E3940 A.3,048511-A.31,048511-A.31
conga-TCA5/i-E3940 B.0,048511-B.01,048511-B.01
conga-TCA5/i-E3940 B.1,048511-B.11,048511-B.11
conga-TCA5/i-E3930 A.3,048512-A.31,048512-A.31
conga-TCA5/i-E3930 B.0,048512-B.01,048512-B.01
conga-TCA5/i-E3930 B.1,048512-B.11,048512-B.11
conga-TCA5/i-E3950 PCIe A.3,048513-A.31,048513-A.31
conga-TCA5/i-E3950 PCIe B.0,048513-B.01,048513-B.01
conga-TCA5/i-E3950 PCIe B.1,048513-B.11,048513-B.11
conga-TCA5/N3350 A.2,20070-000244-A.2,048530-A.21
conga-TCA5/xxx *commercial* B.0,048530-B.00,048530-B.00
conga-TCA5/N3350 B.0,048530-B.01,048530-B.01
conga-TCA5/N3350E B.1,048530-B.11,048530-B.11
conga-TCA5/N4200 A.2,20070-000245-A.2,048531-A.21
conga-TCA5/N4200 B.0,048531-B.01,048531-B.01
conga-TCA5/N4200E B.1,048531-B.11,048531-B.11
conga-B7E3/3451 Y.0,048600-Y.01,048600-Y.01
conga-B7E3/3351 Y.0,048602-Y.01,048602-Y.01
conga-B7E3/i-3255 Y.0,048604-Y.01,048604-Y.01
conga-B7E3/3251 X.0,048605-X.01,048605-X.01
conga-B7E3/xxx X.1,048605-X.10,048605-X.10
conga-B7E3/3251 X.1,048605-X.11,048605-X.11
conga-B7E3/3251 X.2,048605-X.21,048605-X.21
conga-B7E3/3251 Y.0,048605-Y.01,048605-Y.01
conga-B7E3/3201 X.0,048606-X.01,048606-X.01
conga-B7E3/3201 X.1,048606-X.11,048606-X.11
conga-B7E3/3201 X.2,048606-X.21,048606-X.21
conga-B7E3/3201 Y.0,048606-Y.01,048606-Y.01
conga-B7E3/3151 X.0,048607-X.01,048607-X.01
conga-B7E3/3151 X.1,048607-X.11,048607-X.11
conga-B7E3/3151 Y.0,048607-Y.01,048607-Y.01
conga-B7E3/3101 X.0,048608-X.01,048608-X.01
conga-B7E3/3101 X.1,048608-X.11,048608-X.11
conga-B7E3/3101 Y.0,048608-Y.01,048608-Y.01
conga-B7E3/3451 ON Y.0,048690-Y.01,048690-Y.01
conga-B7E3/3251 ON Y.0,048695-Y.01,048695-Y.01
conga-B7E3/Dummy X.0,048698-X.00,048698-X.00
conga-B7E3/Dummy X.0,048698-X.01,048698-X.01
conga-B7E3/xxx PTT X.0,048699-X.00,048699-X.00
conga-TC370 xxx A.0,048800-A.00,048800-A.00
conga-TC370/i7-8665UE A.0,048800-A.01,048800-A.01
conga-TC370/i7-8665UE A.1,048800-A.11,048800-A.11
conga-TC370/i5-8365UE A.0,048801-A.01,048801-A.01
conga-TC370/i5-8365UE A.1,048801-A.11,048801-A.11
conga-TC370/i3-8145UE A.0,048802-A.01,048802-A.01
conga-TC370/i3-8145UE A.1,048802-A.11,048802-A.11
conga-TC370/5405UE A.0,048803-A.01,048803-A.01
conga-TC370/4305UE A.0,048804-A.01,048804-A.01
conga-TC370/4305UE A.1,048804-A.11,048804-A.11
conga-TC370/WHL-U ES 1.8GHz 8MB GT2 X.0,048895-X.01,048895-X.01
conga-TC370/WHL-U ES 1.6GHz 6MB GT2 X.0,048896-X.01,048896-X.01
conga-TC370 xxx X.0,048897-X.00,048897-X.00
conga-TC370/QS i7-8565U X.0,048897-X.01,048897-X.01
conga-TC370/QS i3-8145U X.0,048898-X.01,048898-X.01
conga-TSCO/ xxx A.1,049000-A.10,049000-A.10
conga-TS370/i7-8850H A.1,20070-000507-A.1,049000-A.11
conga-TS370/i7-8850H A.2,049000-A.21,049000-A.21
conga-TS370/i5-8400H A.1,20070-000508-A.1,049001-A.11
conga-TS370/i5-8400H A.2,049001-A.21,049001-A.21
conga-TS370/E-2176M A.1,20070-000509-A.1,049002-A.11
conga-TS370/E-2176M A.2,049002-A.21,049002-A.21
conga-TS370/i3-8100H A.1,20070-000593-A.1,049003-A.11
conga-TS370/i3-8100H A.2,049003-A.21,049003-A.21
conga-TS370/E-2276ME A.1,049100-A.11,049100-A.11
conga-TS370/E-2276ME A.2,049100-A.21,049100-A.21
conga-TS370/E-2254ME A.1,049101-A.11,049101-A.11
conga-TS370/E-2254ME A.2,049101-A.21,049101-A.21
conga-TS370/i7-9850HE A.1,049102-A.11,049102-A.11
conga-TS370/i7-9850HE A.2,049102-A.21,049102-A.21
conga-TS370/G5600E A.1,049103-A.11,049103-A.11
conga-TS370/G4930E A.1,049104-A.11,049104-A.11
conga-TS370/G4930E A.2,049104-A.21,049104-A.21
conga-TS370/E-2276ML A.1,049110-A.11,049110-A.11
conga-TS370/E-2276ML A.2,049110-A.21,049110-A.21
conga-TS370/E-2254ML A.1,049111-A.11,049111-A.11
conga-TS370/E-2254ML A.2,049111-A.21,049111-A.21
conga-TS370/i7-9850HL A.1,049112-A.11,049112-A.11
conga-TS370/i7-9850HL A.2,049112-A.21,049112-A.21
conga-TS370/i3-9100HL A.1,049113-A.11,049113-A.11
conga-TS370/i3-9100HL A.2,049113-A.21,049113-A.21
conga-TS370/G4932E A.1,049114-A.11,049114-A.11
conga-TS370/G4932E A.2,049114-A.21,049114-A.21
conga-SA5/E3950-8G eMMC32 B.0,20070-000334-B.0,050000-B.01
conga-SA5/E3950-8G eMMC32 B.2,050000-B.21,050000-B.21
conga-SA5/E3950-8G eMMC32 B.3,050000-B.31,050000-B.31
conga-SA5/E3940-4G eMMC32 A.1,20070-000335-A.1,050001-A.11
conga-SA5/E3940-4G eMMC32 B.0,20070-000335-B.0,050001-B.01
conga-SA5/E3940-4G eMMC32 B.3,050001-B.31,050001-B.31
conga-SA5/E3930-2G eMMC16 B.0,20070-000336-B.0,050002-B.01
conga-SA5/E3930-2G eMMC16 B.2,050002-B.21,050002-B.21
conga-SA5/E3930-2G eMMC16 B.3,050002-B.31,050002-B.31
conga-SA5/E3930-2G eMMC16 1xGBE B.0,20070-000529-B.0,050003-B.01
conga-SA5/E3930-2G eMMC16 1xGBE B.3,050003-B.31,050003-B.31
conga-SA5/i-E3950-4G eMMC32 A.1,20070-000421-A.1,050010-A.11
conga-SA5/i-E3950-4G eMMC32 B.0,20070-000421-B.0,050010-B.01
conga-SA5/i-E3950-4G eMMC32 B.2,050010-B.21,050010-B.21
conga-SA5/i-E3950-4G eMMC32 B.3,050010-B.31,050010-B.31
conga-SA5/i-E3940-4G eMMC16 B.0,20070-000422-B.0,050011-B.01
conga-SA5/i-E3940-4G eMMC16 B.2,050011-B.21,050011-B.21
conga-SA5/i-E3940-4G eMMC16 B.3,050011-B.31,050011-B.31
conga-SA5/i-E3930-2G eMMC16 A.1,20070-000452-A.1,050012-A.11
conga-SA5/i-E3930-2G eMMC16 B.0,20070-000452-B.0,050012-B.01
conga-SA5/i-E3930-2G eMMC16 B.2,050012-B.21,050012-B.21
conga-SA5/i-E3930-2G eMMC16 B.3,050012-B.31,050012-B.31
conga-SA5/i-E3950-8G eMMC32 B.0,20070-000541-B.0,050013-B.01
conga-SA5/i-E3950-8G eMMC32 B.3,050013-B.31,050013-B.31
conga-SA5/N3350-4G eMMC32 A.1,20070-000337-A.1,050022-A.11
conga-SA5/N3350-4G eMMC32 B.0,20070-000337-B.0,050022-B.01
conga-SA5/N3350E-4G eMMC32 B.3,050022-B.31,050022-B.31
conga-SA5/N4200-8G eMMC32 A.1,20070-000338-A.1,050023-A.11
conga-SA5/N4200-8G eMMC32 B.0,20070-000338-B.0,050023-B.01
conga-SA5/N4200E-8G eMMC32 B.3,050023-B.31,050023-B.31
conga-SA5/J3455-4G eMMC16 B.0,050024-B.01,050024-B.01
conga-SA5/J3455-4G eMMC16 B.3,050024-B.31,050024-B.31
conga-SA5/E3950-8G eMMC32 WiFi/TPM B.0,20070-000339-B.0,050030-B.01
conga-SA5/E3950-8G eMMC32 SPKL-AC B.0,20070-000526-B.0,050031-B.01
conga-SA5/E3950-8G eMMC32 SPKL-AC B.2,050031-B.21,050031-B.21
conga-SA7/EHL ES0 Sample X.0,050199-X.00,050199-X.00
conga-SA7/EHL ES0 Sample X.0,050199-X.01,050199-X.01
conga-SA7/EHL ES0 Sample w/o CPU Interp X.0,050199-X.02,050199-X.02
conga-SMX8/QCM-4GB eMMC16 <for PTT Samples> Z.0,051000-Z.01,051000-Z.01
conga-SMX8/QCM-4GB eMMC16 -SX-PCEAC2 <for PTT Samples> <WIFI> Z.0,051005-Z.01,051005-Z.01
conga-SMX8/xxx X.3,051020-X.30,051020-X.30
conga-SMX8/i-QCM-6GB eMMC16 <for PTT Samples> Y.0,051020-Y.01,051020-Y.01
conga-SMX8/i-QCM-6GB eMMC16 <for PTT Samples> Y.1,051020-Y.11,051020-Y.11
conga-SMX8/i-QCM-4GB eMMC16 <for PTT Samples> Z.0,051020-Z.01,051020-Z.01
conga-SMX8/i-QCM-4GB eMMC16 <for PTT Samples> Z.1,051090-Z.11,051090-Z.11
conga-SMX8-X/xxx Y.0,051100-Y.00,051100-Y.00
conga-SMX8-X/QXP-4G eMMC16 Y.0,051100-Y.01,051100-Y.01
conga-SMX8-X/QXP-2G eMMC16 Y.0,051103-Y.01,051103-Y.01
conga-SMX8-X/QXP-4G eMMC16 SPB228 Y.0,051104-Y.01,051104-Y.01
conga-SMX8-X/QXP-4G eMMC16 HDMI Y.0,051105-Y.01,051105-Y.01
conga-SMX8-X/i-QXP-4G eMMC16 Y.0,051110-Y.01,051110-Y.01
conga-SMX8-X/i-QXP-2G eMMC16 Y.0,051113-Y.01,051113-Y.01
conga-SMX8-X/PTT-QuadXP-3G-LPDDR4 eMMC16 X.0,051190-X.01,051190-X.01
conga-SMX8-X/xxx X.1,051190-X.10,051190-X.10
conga-SMX8-X/PTT-QXP-3G-LPDDR4 eMMC16 <prototype> X.1,051190-X.11,051190-X.11
conga-SMX8-X/PTT-QXP-3G-LPDDR4 eMMC16 <prototype> X.2,051190-X.21,051190-X.21
"conga-SMX8-X/PTT-QXP-3G-LPDDR4 eMMC16, HDMI, 2xGBE-1588 <prototype> X.1",051191-X.11,051191-X.11
conga-SMX8-X/PTT-QXP-2G-LPDDR4 eMMC16 <prototype> X.1,051192-X.11,051192-X.11
conga-SMX8-X/PTT-QXP-4G-LPDDR4 eMMC16 <prototype> X.1,051193-X.11,051193-X.11
conga-SMX8-Mini/Solo-1G eMMC8 X.0,051202-X.01,051202-X.01
conga-SMX8-Mini/SC-1G eMMC16 X.2,051202-X.21,051202-X.21
conga-SMX8-Mini/Quad-2G eMMC8 X.0,051203-X.01,051203-X.01
conga-SX8M/xxx X.2,051203-X.20,051203-X.20
conga-SMX8-Mini/QC-2G eMMC16 X.2,051203-X.21,051203-X.21
conga-SMX8-Mini/i-Solo-1G eMMC8 X.0,051222-X.01,051222-X.01
conga-SMX8-Mini/i-SC-1G eMMC16 X.2,051222-X.21,051222-X.21
conga-SMX8-Mini/i-Quad-4G eMMC16 DP CSI2 WIFI X.0,051290-X.01,051290-X.01
conga-SMX8-Mini/i-QC-4G eMMC16 DP CSI2 WIFI X.2,051290-X.21,051290-X.21
conga-Thin MITX/eDP to DP Adapter X.1,052231-X.12,052231-X.12
conga-eDP to LVDS Adapter X.0,052234-X.02,052234-X.02
conga-IA4/N3160 A.2,20070-A01181-A.2,052607-A.21
conga-IA4/x5-E8000 A.2,20070-000158-A.2,052609-A.21
conga-IC170/xxx C.0,20070-A01174-C.0,052700-C.00
conga-IC170/i5-6300U C.0,20070-000136-C.0,052700-C.01
conga-IC170/xxx C.1,052700-C.10,052700-C.10
conga-IC170/i5-6300U C.1,052700-C.11,052700-C.11
conga-IC170/i3-6100U C.1,052701-C.11,052701-C.11
conga-IC170/3955U C.0,20070-000138-C.0,052702-C.01
conga-IC170/3955U C.1,052702-C.11,052702-C.11
conga-IC170/i7-6600U C.0,20070-000139-C.0,052703-C.01
conga-IC170/i7-6600U C.1,052703-C.11,052703-C.11
conga-IA5/xxx B.0 *commercial*,20070-000346-B.0,052801-B.00
conga-IA5/E3950 B.0,20070-000352-B.0,052801-B.01
conga-IA5/E3950 B.1,052801-B.11,052801-B.11
conga-IA5/E3940 B.0,20070-000353-B.0,052802-B.01
conga-IA5/E3940 B.1,052802-B.11,052802-B.11
conga-IA5/E3930 B.0,20070-000354-B.0,052803-B.01
conga-IA5/E3930 B.1,052803-B.11,052803-B.11
conga-IA5/xxx B.5 *commercial*,052803-B.50,052803-B.50
conga-IA5/E3930 B.5,052803-B.51,052803-B.51
conga-IA5/xxx B.0 *industrial*,20070-000347-B.0,052811-B.00
conga-IA5/i-E3950 B.0,20070-000355-B.0,052811-B.01
conga-IA5/i-E3950 B.1,052811-B.11,052811-B.11
conga-IA5/xxx B.5 *industrial*,052811-B.50,052811-B.50
conga-IA5/i-E3950 B.5,052811-B.51,052811-B.51
conga-IA5/i-E3940 B.0,20070-000549-B.0,052812-B.01
conga-IA5/i-E3940 B.1,052812-B.11,052812-B.11
conga-IA5/i-E3940 B.5,052812-B.51,052812-B.51
conga-IA5/i-E3930 B.0,20070-000550-B.0,052813-B.01
conga-IA5/i-E3930 B.1,052813-B.11,052813-B.11
conga-IA5/i-E3930 B.5,052813-B.51,052813-B.51
conga-IA5/N4200 B.0,20070-000356-B.0,052820-B.01
conga-IA5/N4200 B.1,052820-B.11,052820-B.11
conga-IA5/N4200 B.3,052820-B.31,052820-B.31
conga-IA5/N4200E B.5,052820-B.51,052820-B.51
conga-IA5/N3350 B.0,20070-000357-B.0,052821-B.01
conga-IA5/N3350 B.1,052821-B.11,052821-B.11
conga-IA5/N3350 B.3,052821-B.31,052821-B.31
conga-IA5/N3350E B.5,052821-B.51,052821-B.51
conga-IC175/i5-7300U C.0,20070-000236-C.0,052900-C.01
conga-IC175/i5-7300U C.1,052900-C.11,052900-C.11
conga-IC175/i3-7100U C.0,20070-000237-C.0,052901-C.01
conga-IC175/i3-7100U C.1,052901-C.11,052901-C.11
conga-IC175/i7-7600U C.0,20070-000239-C.0,052903-C.01
conga-ICWL/xxx industrial A.0,053001-A.00,053001-A.00
conga-IC370/i7-8665UE A.0,053001-A.01,053001-A.01
conga-ICWL/xxx industrial A.1,053001-A.10,053001-A.10
conga-IC370/i7-8665UE A.1,053001-A.11,053001-A.11
conga-IC370/i7-8665UE A.2,053001-A.21,053001-A.21
conga-ICWL/xxx PTT X.0,053001-X.00,053001-X.00
conga-IC370/ES WHL U42 1.8GHz X.0,053001-X.01,053001-X.01
conga-IC370/i5-8365UE A.0,053002-A.01,053002-A.01
conga-IC370/i5-8365UE A.1,053002-A.11,053002-A.11
conga-IC370/i5-8365UE A.2,053002-A.21,053002-A.21
conga-IC370/ES WHL U42 1.6GHz X.0,053002-X.01,053002-X.01
conga-IC370/i3-8145UE A.0,053003-A.01,053003-A.01
conga-IC370/i3-8145UE A.1,053003-A.11,053003-A.11
conga-IC370/i3-8145UE A.2,053003-A.21,053003-A.21
conga-IC370/ES WHL U22 2.1GHz X.0,053003-X.01,053003-X.01
conga-ICWL/xxx commercial A.0,053005-A.00,053005-A.00
conga-IC370/4305UE A.0,053005-A.01,053005-A.01
conga-ICWL/xxx commercial A.1,053005-A.10,053005-A.10
conga-IC370/4305UE A.1,053005-A.11,053005-A.11
conga-IC370/4305UE A.2,053005-A.21,053005-A.21
conga-IC370/i7-8565U CAN iDP A.0,053098-A.01,053098-A.01
conga-IC370/i7-8565U CAN iDP A.1,053098-A.11,053098-A.11
conga-IC370/i7-8565U CAN iDP A.2,053098-A.21,053098-A.21
conga-IC370/Dummy X.0,053099-X.01,053099-X.01
conga-JC370/xxx A.0,054001-A.00,054001-A.00
conga-JC370/i7-8665UE A.0,054001-A.01,054001-A.01
conga-JC370/i7-8665UE A.1,054001-A.11,054001-A.11
conga-JC370/xxx A.2,054001-A.20,054001-A.20
conga-JC370/i7-8665UE A.2,054001-A.21,054001-A.21
conga-JC370/i7-8565U X.0,054001-X.00,054001-X.00
conga-JC370/ES WHL U42 1.8GHz X.0,054001-X.01,054001-X.01
conga-JC370/i5-8365UE A.0,054002-A.01,054002-A.01
conga-JC370/i5-8365UE A.1,054002-A.11,054002-A.11
conga-JC370/i5-8365UE A.2,054002-A.21,054002-A.21
conga-JC370/ES WHL U42 1.6GHz X.0,054002-X.01,054002-X.01
conga-JC370/i3-8145UE A.0,054003-A.01,054003-A.01
conga-JC370/i3-8145UE A.1,054003-A.11,054003-A.11
conga-JC370/i3-8145UE A.2,054003-A.21,054003-A.21
conga-JC370/ES WHL U22 2.1GHz X.0,054003-X.01,054003-X.01
conga-JC370/4305UE A.0,054005-A.01,054005-A.01
conga-JC370/4305UE A.1,054005-A.11,054005-A.11
conga-JC370/4305UE A.2,054005-A.21,054005-A.21
conga-JC370/i7-8565U A.1,054011-A.11,054011-A.11
conga-JC370/i5-8365UE/HDMI A.0,054012-A.01,054012-A.01
conga-XLX/HSP-T C.0,20365-000076-C.0,057821-C.02
conga-XLX/HSP-T C.0,057821-C.03,057821-C.03
conga-XLX/800-LVDS C.1,20070-A00811-C.1,057824-C.11
conga-XLX/800-LVDS C.2,20070-A00811-C.2,057824-C.21
conga-ELX/800-TTL-xxx C.3,20070-A00252-C.3,064987-C.30
conga-ELX/800-TTL C.3,20070-A00258-C.3,064987-C.31
conga-MEVAL A.2,20070-A00375-A.2,065400-A.21
conga-MEVAL/xxx C.0,20070-A00375-C.0,065400-C.00
conga-MEVAL C.0,065400-C.01,065400-C.01
conga-X7/EVAL/commercial A.2,20070-000290-A.2,065420-A.21
conga-X7/EVAL/commercial A.3,065420-A.31,065420-A.31
conga-X7/EVAL/industrial A.2,20070-000386-A.2,065421-A.21
conga-X7/EVAL/industrial A.3,065421-A.31,065421-A.31
conga-STX7/carrier X.0,065450-X.01,065450-X.01
conga-STX7/xxx X.0,065450-X.10,065450-X.10
conga-STX7/carrier X.1,065450-X.11,065450-X.11
Riser Card/DSTR A.0,065460-A.02,065460-A.02
Riser Card/DSTR X.0,065460-X.02,065460-X.02
"Riser Card/DSTR, Material Acquisition X.0",065469-X.00,065469-X.00
conga-STX7/carrier Material Acquisition X.0,065499-X.00,065499-X.00
conga-CEVAL C.1,20070-A00224-C.1,065749-C.11
conga-TEVAL C.0,20070-A00656-C.0,065800-C.01
conga-TEVAL2 A.0,20070-000478-A.0,065810-A.01
conga-TEVAL2 A.1,065810-A.11,065810-A.11
conga-IT6 B.1,065830-B.11,065830-B.11
conga-ELX/Deep Drawn HSP-T A.0,20365-000074-A.0,066558-A.02
conga-ELX/Deep Drawn HSP-T A.0,066558-A.03,066558-A.03
conga-XLX/HSP-B C.0,20365-000075-C.0,074215-C.02
conga-XLX/HSP-B C.0,074215-C.03,074215-C.03
conga-XLX/HSP-B C.0,074215-C.0n,074215-C.0n
conga-ELXeco/128-LVDS A.2,20070-A00264-A.2,078944-A.21
conga-ELXeco/128-LVDS B.0,20070-A00264-B.0,078944-B.01
conga-XLX/800-TTL C.2,20070-A00815-C.2,084267-C.21
conga-ELXeco/256-LVDS A.2,20070-A00266-A.2,085431-A.21
conga-ELXeco/xxx-LVDS B.0,20070-A00263-B.0,085431-B.00
conga-ELXeco/256-LVDS B.0,085431-B.01,085431-B.01
PC/HD to Video Scan Converter without Adapter,10000-000001-A.1,10000-000001-A.1
conga-QA3/CSP-T 6mm,20365-A00260-A.0,10000179-A.n1
"U7-331-32G-P1D03 J1900-4G, 32G, 40W, CN A.0",10100-000002-A.0,10100-000002-A.0
"U7-331-64G-P1D03 J1900-4G, 64G, 40W, CN A.0",10100-000003-A.0,10100-000003-A.0
"U7-331-128G-P1D03 J1900-4G, 128G, 40W, CN A.0",10100-000004-A.0,10100-000004-A.0
"U7-333-32G-P1D03 N2807-4G, 32G, 40W, CN A.0",10100-000005-A.0,10100-000005-A.0
"U7-333-64G-P1D03 N2807-4G, 64G, 40W, CN A.0",10100-000006-A.0,10100-000006-A.0
"U7-333-128G-P1D03 N2807-4G, 128G, 40W, CN A.0",10100-000007-A.0,10100-000007-A.0
"U7-331-32G-P1G22 J1900-4G, 32G, 40W, DE/RU A.0",10100-000008-A.0,10100-000008-A.0
"U7-331-32G-P1D35 J1900-4G, 32G, 40W, AU/NZ A.0",10100-000009-A.0,10100-000009-A.0
"U7-333-32G-P1B12 N2807-4G, 32G, 40W, TW/JP/US/CA/TH/PH/Central America A.0",10100-000010-A.0,10100-000010-A.0
"U7-331T-32G-P1D03 J1900-4G, 32G, 40W, CN A.0",10100-000011-A.0,10100-000011-A.0
"U7-331T-128G-P1D03 J1900-4G, 128G, 40W, CN A.0",10100-000012-A.0,10100-000012-A.0
"U7-333T-32G-P1D03 N2807-4G, 32G, 40W, CN A.0",10100-000013-A.0,10100-000013-A.0
"U7-333T-128G-P1D03 N2807-4G, 128G, 40W, CN A.0",10100-000014-A.0,10100-000014-A.0
U7-100-A.0 barebone BOM EFCO,10100-000015-A.0,10100-000015-A.0
0103000015-3I TR-GLB7055 A3I SYSTEM ASSEMBLY,10100-000016-A3I,10100-000016-A3I
0103000015-3L TR-GLB7055 A3L SYSTEM ASSEMBLY,10100-000016-A3L,10100-000016-A3L
0103000015-3M TR-GLB7055 A3M SYSTEM ASSEMBLY,10100-000016-A3M,10100-000016-A3M
TR-GMB7055 V37 Standard,10100-000017-V37,10100-000017-V37
TR-GMB7055-58-X V10 with Intel i5-4570TE DDR3-4GBx2,10100-000018-V10,10100-000018-V10
TR-GMB7055 V38 Standard,10100-000018-V38,10100-000018-V38
"U7-333-64G-P1D03 N2807-4G, 64G, 40W, CN A.0",10100-000019-A.0,10100-000019-A.0
"U7-331T-64G-P1D03 J1900-4G, 64G, 40W, CN A.0",10100-000020-A.0,10100-000020-A.0
"U7-333T-64G-P1D03 N2807-4G, 64G, 40W, CN A.0",10100-000021-A.0,10100-000021-A.0
"U7-331T-64G-P1D03 J1900-4G, 64G, 40W, CN A.0",10100-000022-A.0,10100-000022-A.0
"U7-331T-128G-P1D03 J1900-4G, 128G, 40W, CN A.0",10100-000023-A.0,10100-000023-A.0
"U7-333T-64G-P1D03 N2807-4G, 64G, 40W, CN A.0",10100-000024-A.0,10100-000024-A.0
61030F KAB-ADAPT-71-LP,10100-000025-A.0,10100-000025-A.0
Sub-Assy Back Shell in-wall mounting TOUCHSCREEN Infigo 500 A-I599-100 A.0,10100-000026-A.0,10100-000026-A.0
Shipping Unit PASSIVE Infigo A-I010-xxx X.0,10200-000001-X.0,10200-000001-X.0
Shipping Unit PASSIVE Infigo A-I020-xxx X.0,10200-000002-X.0,10200-000002-X.0
Shipping Unit PASSIVE A-I030-xxx,10200-000003-X.0,10200-000003-X.0
Shipping Unit PASSIVE Infigo A-I060-xxx,10200-000004-X.0,10200-000004-X.0
Shipping Unit BASIC Infigo 100 A-I100-xxx B.0,10200-000005-B.0,10200-000005-B.0
Shipping Unit BASIC Infigo 100 A-I100-xxx B.0,10200-000005-X.0,10200-000005-X.0
Shipping Unit BASIC Infigo 100 A-I102-xxx B.0,10200-000006-B.0,10200-000006-B.0
System-Assy BASIC Infigo 100 A-I102-xxx X.0,10200-000006-X.0,10200-000006-X.0
Shipping Unit BASIC Infigo 100 A-I110-xxx B.0,10200-000007-B.0,10200-000007-B.0
Shipping Unit BASIC Infigo 100 A-I112-xxx B.0,10200-000008-B.0,10200-000008-B.0
Shipping Unit BASIC Infigo 100 A-I112-xxx X.0,10200-000008-X.0,10200-000008-X.0
Shipping Unit BASIC Infigo 100 A-I302-xxx B.0,10200-000009-B.0,10200-000009-B.0
Shipping Unit BASIC Infigo 100 A-I302-xxx X.0,10200-000009-X.0,10200-000009-X.0
Shipping Unit BASIC Infigo 100 A-I312-xxx B.0,10200-000010-B.0,10200-000010-B.0
Shipping Unit BASIC Infigo 100 A-I312-xxx X.0,10200-000010-X.0,10200-000010-X.0
Shipping Unit BASIC+ Infigo 200 A-I200-xxx,10200-000011-C.0,10200-000011-C.0
Shipping Unit BASIC+ Infigo 200 A-I200-xxx,10200-000011-X.0,10200-000011-X.0
Shipping Unit BASIC+ Infigo 200 A-I202-xxx C.0,10200-000012-C.0,10200-000012-C.0
Shipping Unit BASIC+ Infigo 200 A-I202-xxx X.0,10200-000012-X.0,10200-000012-X.0
Shipping Unit BASIC+ Infigo 200 A-I210-xxx C.0,10200-000013-C.0,10200-000013-C.0
Shipping Unit BASIC+ Infigo 200 A-I212-xxx C.0,10200-000014-C.0,10200-000014-C.0
Shipping Unit BASIC+ Infigo 200 A-I212-xxx,10200-000014-X.0,10200-000014-X.0
Shipping Unit BASIC+ Infigo 200 A-I220-xxx C.1,10200-000015-C.1,10200-000015-C.1
Shipping Unit BASIC+ Infigo 200 A-I220-xxx X.0,10200-000015-X.0,10200-000015-X.0
Shipping Unit BASIC+ Infigo 200 A-I222-xxx C.0,10200-000016-C.0,10200-000016-C.0
Shipping Unit BASIC+ Infigo 200 A-I222-xxx,10200-000016-C.1,10200-000016-C.1
Shipping Unit BASIC+ Infigo 200 A-I222-xxx X.0,10200-000016-X.0,10200-000016-X.0
Shipping Unit BASIC+ Infigo 200 A-I232-xxx C.1,10200-000017-C.1,10200-000017-C.1
Shipping Unit BASIC+ Infigo 200 A-I232-xxx X.0Shipping Unit BASIC+ Infigo 200 A-I232-xxx X.0,10200-000017-X.0,10200-000017-X.0
Shipping Unit BASIC+ Infigo 200 A-I402-xxx,10200-000018-X.0,10200-000018-X.0
Shipping Unit BASIC+ Infigo 200 A-I412-xxx,10200-000019-X.0,10200-000019-X.0
U7-300 A.0 Barebone,10200-000026-A.0,10200-000026-A.0
U7-300T A.0 Barebone,10200-000027-A.0,10200-000027-A.0
U7-300JT A.0 Barebone,10200-000028-A.0,10200-000028-A.0
U7-300T A.0 Barebone,10200-000029-A.0,10200-000029-A.0
U7-300 A.0 Barebone,10200-000030-A.0,10200-000030-A.0
QCB-35I OEM:A.1 With Packing,10200-000031-A.1,10200-000031-A.1
U7-100-A.0 barebone BOM,10200-000032-A.0,10200-000032-A.0
U7-100-A.1 barebone BOM,10005-011001-0A0,10200-000032-A.1
U7-300 A.0 Barebone (EFCO IO-001 V2.1),10200-000033-A.0,10200-000033-A.0
U7-300 A.0 Barebone (EFCO IO-001 V2.2),10200-000033-A.1,10200-000033-A.1
U7-300T A.0 Barebone (EFCO Display-003 V3.0),10200-000034-A.0,10200-000034-A.0
U7-300T A.0 Barebone (EFCO IO-001 V2.2),10200-000034-A.1,10200-000034-A.1
WebCtrl1 PLC Single Board A07A,10200-000036-A7A,10200-000036-A7A
WebCtrl1 DEHN Single Board A07A,10200-000037-A7A,10200-000037-A7A
WebCtrl1 Standard Single Board A07A,10200-000038-A7A,10200-000038-A7A
WebCtrl1 Lambrecht Single Board A07A,10200-000039-A7A,10200-000039-A7A
U7-130PAS CPU N2807-4G barebone BOM,10200-000040-A.0,10200-000040-A.0
U7-130PAS CPU N2807-4G barebone BOM,10200-000040-A.1,10200-000040-A.1
U7-130PAS CPU N2807-4G barebone BOM Ver B.0,10200-000040-B.0,10200-000040-B.0
2GB SATADOM Set for JUMBO,10200-000041-A.0,10200-000041-A.0
"Tyromotion Box-PC i5-8500T, 8GB RAM",10200-000042-A.0,10200-000042-A.0
"TY01 i5-8500T, 8GB RAM",10200-000042-X.0,10200-000042-X.0
"EBC-5231-barebone A1.0 for conagatec PA3, without main board",10400-000001-A.1,10400-000001-A.1
U7-130PAS-32G-P1G22 ( for EFCO/PASCOM),10400-000004-A.0,10400-000004-A.0
U7-130PAS-32G-P1G22 ( for EFCO/PASCOM) Ver B.0,10400-000004-B.0,10400-000004-B.0
TPC-5220-464S-WS2,10400-000005-A.0,10400-000005-A.0
U7-232-128G-P3B12-L(10000-071001-0A0),10400-000006-A.0,10400-000006-A.0
U6-565-8G-64G-P2B12-W7(10000-03007-0A0),10400-000007-A.0,10400-000007-A.0
U7-351L2-P1G22(10000-006001-0A0),10400-000008-A.0,10400-000008-A.0
U7-150(10000-011040-0A0),10400-000009-A.0,10400-000009-A.0
U7-150-P1B12(10000-011039-0A0),10400-000010-A.0,10400-000010-A.0
U7-150-W10(10000-011041-0A0),10400-000011-A.0,10400-000011-A.0
U7-232-128G-P3B12 (10000-071002-0A0),10400-000012-A.0,10400-000012-A.0
U7-232-128G-P3B12-W7(10000-071003-0A0),10400-000013-A.0,10400-000013-A.0
U6-575C-8G-128G-P2G22(10000-031009-0A0),10400-000014-A.0,10400-000014-A.0
U7-232-mSATA32G-P3B12(10000-071004-0A0),10400-000015-A.0,10400-000015-A.0
U7-232-mSATA32G-P3G22 (10000-071006-0A0),10400-000016-A.0,10400-000016-A.0
U7-232-mSATA32G-P3G22(10000-071005-0A0),10400-000017-A.0,10400-000017-A.0
U7-131-mSATA32G-P1B12(10000-011015-0A0),10400-000018-A.0,10400-000018-A.0
"U7-151-4G, eMMC 16G - mSATA 32G , Win 10 IoT Entry (10000-011043-0A0)",10400-000019-A.0,10400-000019-A.0
"U7-151-4G, eMMC 16G - mSATA 32G , Win 10 IoT Entry (10000-011043-0A0)",10400-000020-A.0,10400-000020-A.0